Numar circumscriptie,Denumire circumscriptie,Competitor,Mandate
1,ALBA,PARTIDUL SOCIAL DEMOCRAT,2
1,ALBA,ALIANȚA PENTRU UNIREA ROMÂNILOR,1
1,ALBA,PARTIDUL NAȚIONAL LIBERAL,1
1,ALBA,PARTIDUL OAMENILOR TINERI,1
2,ARAD,PARTIDUL SOCIAL DEMOCRAT,1
2,ARAD,ALIANȚA PENTRU UNIREA ROMÂNILOR,2
2,ARAD,PARTIDUL NAȚIONAL LIBERAL,2
2,ARAD,UNIUNEA SALVAȚI ROMÂNIA,1
2,ARAD,PARTIDUL S.O.S. ROMÂNIA,1
3,ARGEȘ,PARTIDUL SOCIAL DEMOCRAT,3
3,ARGEȘ,ALIANȚA PENTRU UNIREA ROMÂNILOR,2
3,ARGEȘ,PARTIDUL NAȚIONAL LIBERAL,1
3,ARGEȘ,UNIUNEA SALVAȚI ROMÂNIA,1
3,ARGEȘ,PARTIDUL S.O.S. ROMÂNIA,1
3,ARGEȘ,PARTIDUL OAMENILOR TINERI,1
4,BACĂU,PARTIDUL SOCIAL DEMOCRAT,4
4,BACĂU,ALIANȚA PENTRU UNIREA ROMÂNILOR,2
4,BACĂU,PARTIDUL NAȚIONAL LIBERAL,1
4,BACĂU,UNIUNEA SALVAȚI ROMÂNIA,1
4,BACĂU,PARTIDUL S.O.S. ROMÂNIA,1
4,BACĂU,PARTIDUL OAMENILOR TINERI,1
5,BIHOR,PARTIDUL SOCIAL DEMOCRAT,1
5,BIHOR,ALIANȚA PENTRU UNIREA ROMÂNILOR,1
5,BIHOR,PARTIDUL NAȚIONAL LIBERAL,3
5,BIHOR,PARTIDUL S.O.S. ROMÂNIA,1
5,BIHOR,PARTIDUL OAMENILOR TINERI,1
5,BIHOR,UNIUNEA DEMOCRATĂ MAGHIARĂ DIN ROMÂNIA,2
6,BISTRIȚA-NĂSĂUD,PARTIDUL SOCIAL DEMOCRAT,2
6,BISTRIȚA-NĂSĂUD,ALIANȚA PENTRU UNIREA ROMÂNILOR,1
6,BISTRIȚA-NĂSĂUD,PARTIDUL NAȚIONAL LIBERAL,1
6,BISTRIȚA-NĂSĂUD,PARTIDUL OAMENILOR TINERI,1
7,BOTOȘANI,PARTIDUL SOCIAL DEMOCRAT,2
7,BOTOȘANI,ALIANȚA PENTRU UNIREA ROMÂNILOR,1
7,BOTOȘANI,PARTIDUL NAȚIONAL LIBERAL,1
7,BOTOȘANI,PARTIDUL S.O.S. ROMÂNIA,1
7,BOTOȘANI,PARTIDUL OAMENILOR TINERI,1
8,BRAȘOV,PARTIDUL SOCIAL DEMOCRAT,2
8,BRAȘOV,ALIANȚA PENTRU UNIREA ROMÂNILOR,1
8,BRAȘOV,PARTIDUL NAȚIONAL LIBERAL,2
8,BRAȘOV,UNIUNEA SALVAȚI ROMÂNIA,2
8,BRAȘOV,PARTIDUL S.O.S. ROMÂNIA,1
8,BRAȘOV,PARTIDUL OAMENILOR TINERI,1
9,BRĂILA,PARTIDUL SOCIAL DEMOCRAT,2
9,BRĂILA,ALIANȚA PENTRU UNIREA ROMÂNILOR,1
9,BRĂILA,PARTIDUL NAȚIONAL LIBERAL,1
9,BRĂILA,PARTIDUL S.O.S. ROMÂNIA,1
10,BUZĂU,PARTIDUL SOCIAL DEMOCRAT,3
10,BUZĂU,ALIANȚA PENTRU UNIREA ROMÂNILOR,1
10,BUZĂU,PARTIDUL NAȚIONAL LIBERAL,1
10,BUZĂU,UNIUNEA SALVAȚI ROMÂNIA,1
10,BUZĂU,PARTIDUL S.O.S. ROMÂNIA,1
11,CARAȘ-SEVERIN,PARTIDUL SOCIAL DEMOCRAT,2
11,CARAȘ-SEVERIN,ALIANȚA PENTRU UNIREA ROMÂNILOR,1
11,CARAȘ-SEVERIN,PARTIDUL NAȚIONAL LIBERAL,1
11,CARAȘ-SEVERIN,UNIUNEA SALVAȚI ROMÂNIA,1
12,CĂLĂRAȘI,PARTIDUL SOCIAL DEMOCRAT,1
12,CĂLĂRAȘI,ALIANȚA PENTRU UNIREA ROMÂNILOR,2
12,CĂLĂRAȘI,PARTIDUL NAȚIONAL LIBERAL,1
13,CLUJ,PARTIDUL SOCIAL DEMOCRAT,2
13,CLUJ,ALIANȚA PENTRU UNIREA ROMÂNILOR,2
13,CLUJ,PARTIDUL NAȚIONAL LIBERAL,2
13,CLUJ,UNIUNEA SALVAȚI ROMÂNIA,2
13,CLUJ,PARTIDUL OAMENILOR TINERI,1
13,CLUJ,UNIUNEA DEMOCRATĂ MAGHIARĂ DIN ROMÂNIA,1
14,CONSTANȚA,PARTIDUL SOCIAL DEMOCRAT,2
14,CONSTANȚA,ALIANȚA PENTRU UNIREA ROMÂNILOR,3
14,CONSTANȚA,PARTIDUL NAȚIONAL LIBERAL,2
14,CONSTANȚA,UNIUNEA SALVAȚI ROMÂNIA,2
14,CONSTANȚA,PARTIDUL S.O.S. ROMÂNIA,1
14,CONSTANȚA,PARTIDUL OAMENILOR TINERI,1
15,COVASNA,UNIUNEA DEMOCRATĂ MAGHIARĂ DIN ROMÂNIA,4
16,DÂMBOVIȚA,PARTIDUL SOCIAL DEMOCRAT,3
16,DÂMBOVIȚA,ALIANȚA PENTRU UNIREA ROMÂNILOR,1
16,DÂMBOVIȚA,PARTIDUL NAȚIONAL LIBERAL,1
16,DÂMBOVIȚA,UNIUNEA SALVAȚI ROMÂNIA,1
16,DÂMBOVIȚA,PARTIDUL OAMENILOR TINERI,1
17,DOLJ,PARTIDUL SOCIAL DEMOCRAT,5
17,DOLJ,ALIANȚA PENTRU UNIREA ROMÂNILOR,2
17,DOLJ,PARTIDUL NAȚIONAL LIBERAL,1
17,DOLJ,UNIUNEA SALVAȚI ROMÂNIA,1
17,DOLJ,PARTIDUL OAMENILOR TINERI,1
18,GALAȚI,PARTIDUL SOCIAL DEMOCRAT,3
18,GALAȚI,ALIANȚA PENTRU UNIREA ROMÂNILOR,2
18,GALAȚI,PARTIDUL NAȚIONAL LIBERAL,1
18,GALAȚI,UNIUNEA SALVAȚI ROMÂNIA,1
18,GALAȚI,PARTIDUL S.O.S. ROMÂNIA,2
19,GIURGIU,PARTIDUL SOCIAL DEMOCRAT,1
19,GIURGIU,ALIANȚA PENTRU UNIREA ROMÂNILOR,1
19,GIURGIU,PARTIDUL NAȚIONAL LIBERAL,2
20,GORJ,PARTIDUL SOCIAL DEMOCRAT,2
20,GORJ,ALIANȚA PENTRU UNIREA ROMÂNILOR,1
20,GORJ,PARTIDUL NAȚIONAL LIBERAL,1
20,GORJ,UNIUNEA SALVAȚI ROMÂNIA,1
21,HARGHITA,UNIUNEA DEMOCRATĂ MAGHIARĂ DIN ROMÂNIA,5
22,HUNEDOARA,PARTIDUL SOCIAL DEMOCRAT,2
22,HUNEDOARA,ALIANȚA PENTRU UNIREA ROMÂNILOR,1
22,HUNEDOARA,PARTIDUL NAȚIONAL LIBERAL,1
22,HUNEDOARA,UNIUNEA SALVAȚI ROMÂNIA,1
22,HUNEDOARA,PARTIDUL OAMENILOR TINERI,1
23,IALOMIȚA,PARTIDUL SOCIAL DEMOCRAT,1
23,IALOMIȚA,ALIANȚA PENTRU UNIREA ROMÂNILOR,1
23,IALOMIȚA,PARTIDUL S.O.S. ROMÂNIA,2
24,IAȘI,PARTIDUL SOCIAL DEMOCRAT,3
24,IAȘI,ALIANȚA PENTRU UNIREA ROMÂNILOR,3
24,IAȘI,PARTIDUL NAȚIONAL LIBERAL,2
24,IAȘI,UNIUNEA SALVAȚI ROMÂNIA,2
24,IAȘI,PARTIDUL S.O.S. ROMÂNIA,1
24,IAȘI,PARTIDUL OAMENILOR TINERI,1
25,ILFOV,PARTIDUL SOCIAL DEMOCRAT,1
25,ILFOV,ALIANȚA PENTRU UNIREA ROMÂNILOR,1
25,ILFOV,PARTIDUL NAȚIONAL LIBERAL,1
25,ILFOV,UNIUNEA SALVAȚI ROMÂNIA,1
25,ILFOV,PARTIDUL OAMENILOR TINERI,1
26,MARAMUREȘ,PARTIDUL SOCIAL DEMOCRAT,2
26,MARAMUREȘ,ALIANȚA PENTRU UNIREA ROMÂNILOR,1
26,MARAMUREȘ,PARTIDUL NAȚIONAL LIBERAL,1
26,MARAMUREȘ,UNIUNEA SALVAȚI ROMÂNIA,1
26,MARAMUREȘ,PARTIDUL OAMENILOR TINERI,1
26,MARAMUREȘ,UNIUNEA DEMOCRATĂ MAGHIARĂ DIN ROMÂNIA,1
27,MEHEDINȚI,PARTIDUL SOCIAL DEMOCRAT,2
27,MEHEDINȚI,ALIANȚA PENTRU UNIREA ROMÂNILOR,1
27,MEHEDINȚI,PARTIDUL NAȚIONAL LIBERAL,1
28,MUREȘ,PARTIDUL SOCIAL DEMOCRAT,1
28,MUREȘ,ALIANȚA PENTRU UNIREA ROMÂNILOR,1
28,MUREȘ,PARTIDUL NAȚIONAL LIBERAL,1
28,MUREȘ,UNIUNEA SALVAȚI ROMÂNIA,1
28,MUREȘ,UNIUNEA DEMOCRATĂ MAGHIARĂ DIN ROMÂNIA,4
29,NEAMȚ,PARTIDUL SOCIAL DEMOCRAT,2
29,NEAMȚ,ALIANȚA PENTRU UNIREA ROMÂNILOR,2
29,NEAMȚ,PARTIDUL NAȚIONAL LIBERAL,1
29,NEAMȚ,UNIUNEA SALVAȚI ROMÂNIA,1
29,NEAMȚ,PARTIDUL S.O.S. ROMÂNIA,1
29,NEAMȚ,PARTIDUL OAMENILOR TINERI,1
30,OLT,PARTIDUL SOCIAL DEMOCRAT,3
30,OLT,ALIANȚA PENTRU UNIREA ROMÂNILOR,1
30,OLT,PARTIDUL NAȚIONAL LIBERAL,1
30,OLT,PARTIDUL S.O.S. ROMÂNIA,1
31,PRAHOVA,PARTIDUL SOCIAL DEMOCRAT,3
31,PRAHOVA,ALIANȚA PENTRU UNIREA ROMÂNILOR,2
31,PRAHOVA,PARTIDUL NAȚIONAL LIBERAL,2
31,PRAHOVA,UNIUNEA SALVAȚI ROMÂNIA,2
31,PRAHOVA,PARTIDUL S.O.S. ROMÂNIA,1
31,PRAHOVA,PARTIDUL OAMENILOR TINERI,1
32,SATU MARE,PARTIDUL SOCIAL DEMOCRAT,1
32,SATU MARE,ALIANȚA PENTRU UNIREA ROMÂNILOR,1
32,SATU MARE,PARTIDUL NAȚIONAL LIBERAL,1
32,SATU MARE,UNIUNEA DEMOCRATĂ MAGHIARĂ DIN ROMÂNIA,2
33,SĂLAJ,PARTIDUL SOCIAL DEMOCRAT,1
33,SĂLAJ,ALIANȚA PENTRU UNIREA ROMÂNILOR,1
33,SĂLAJ,PARTIDUL NAȚIONAL LIBERAL,1
33,SĂLAJ,UNIUNEA DEMOCRATĂ MAGHIARĂ DIN ROMÂNIA,1
34,SIBIU,PARTIDUL SOCIAL DEMOCRAT,1
34,SIBIU,ALIANȚA PENTRU UNIREA ROMÂNILOR,1
34,SIBIU,PARTIDUL NAȚIONAL LIBERAL,1
34,SIBIU,UNIUNEA SALVAȚI ROMÂNIA,1
34,SIBIU,PARTIDUL S.O.S. ROMÂNIA,1
34,SIBIU,PARTIDUL OAMENILOR TINERI,1
35,SUCEAVA,PARTIDUL SOCIAL DEMOCRAT,2
35,SUCEAVA,ALIANȚA PENTRU UNIREA ROMÂNILOR,3
35,SUCEAVA,PARTIDUL NAȚIONAL LIBERAL,1
35,SUCEAVA,UNIUNEA SALVAȚI ROMÂNIA,1
35,SUCEAVA,PARTIDUL S.O.S. ROMÂNIA,2
35,SUCEAVA,PARTIDUL OAMENILOR TINERI,1
36,TELEORMAN,PARTIDUL SOCIAL DEMOCRAT,2
36,TELEORMAN,ALIANȚA PENTRU UNIREA ROMÂNILOR,3
37,TIMIȘ,PARTIDUL SOCIAL DEMOCRAT,2
37,TIMIȘ,ALIANȚA PENTRU UNIREA ROMÂNILOR,2
37,TIMIȘ,PARTIDUL NAȚIONAL LIBERAL,1
37,TIMIȘ,UNIUNEA SALVAȚI ROMÂNIA,2
37,TIMIȘ,PARTIDUL S.O.S. ROMÂNIA,1
37,TIMIȘ,PARTIDUL OAMENILOR TINERI,1
37,TIMIȘ,UNIUNEA DEMOCRATĂ MAGHIARĂ DIN ROMÂNIA,1
38,TULCEA,PARTIDUL SOCIAL DEMOCRAT,1
38,TULCEA,ALIANȚA PENTRU UNIREA ROMÂNILOR,1
38,TULCEA,PARTIDUL S.O.S. ROMÂNIA,2
39,VASLUI,PARTIDUL SOCIAL DEMOCRAT,2
39,VASLUI,ALIANȚA PENTRU UNIREA ROMÂNILOR,1
39,VASLUI,UNIUNEA SALVAȚI ROMÂNIA,1
39,VASLUI,PARTIDUL S.O.S. ROMÂNIA,1
39,VASLUI,PARTIDUL OAMENILOR TINERI,1
39,VASLUI,UNIUNEA DEMOCRATĂ MAGHIARĂ DIN ROMÂNIA,1
40,VÂLCEA,PARTIDUL SOCIAL DEMOCRAT,2
40,VÂLCEA,ALIANȚA PENTRU UNIREA ROMÂNILOR,2
40,VÂLCEA,PARTIDUL NAȚIONAL LIBERAL,1
40,VÂLCEA,UNIUNEA SALVAȚI ROMÂNIA,1
41,VRANCEA,PARTIDUL SOCIAL DEMOCRAT,1
41,VRANCEA,ALIANȚA PENTRU UNIREA ROMÂNILOR,1
41,VRANCEA,PARTIDUL NAȚIONAL LIBERAL,1
41,VRANCEA,UNIUNEA SALVAȚI ROMÂNIA,1
41,VRANCEA,PARTIDUL S.O.S. ROMÂNIA,1
42,MUNICIPIUL BUCUREȘTI,PARTIDUL SOCIAL DEMOCRAT,8
42,MUNICIPIUL BUCUREȘTI,ALIANȚA PENTRU UNIREA ROMÂNILOR,4
42,MUNICIPIUL BUCUREȘTI,PARTIDUL NAȚIONAL LIBERAL,5
42,MUNICIPIUL BUCUREȘTI,UNIUNEA SALVAȚI ROMÂNIA,8
42,MUNICIPIUL BUCUREȘTI,PARTIDUL S.O.S. ROMÂNIA,2
42,MUNICIPIUL BUCUREȘTI,PARTIDUL OAMENILOR TINERI,2
43,STRĂINĂTATE,ALIANȚA PENTRU UNIREA ROMÂNILOR,1
43,STRĂINĂTATE,UNIUNEA SALVAȚI ROMÂNIA,1
43,STRĂINĂTATE,PARTIDUL S.O.S. ROMÂNIA,1
43,STRĂINĂTATE,PARTIDUL OAMENILOR TINERI,1
99,NAȚIONAL,ASOCIAȚIA ITALIENILOR DIN ROMÂNIA – RO.AS.IT.,1
99,NAȚIONAL,"ASOCIAȚIA ""LIGA ALBANEZILOR DIN ROMÂNIA""",1
99,NAȚIONAL,ASOCIAȚIA MACEDONENILOR DIN ROMÂNIA,1
99,NAȚIONAL,"ASOCIAȚIA PARTIDA ROMILOR ""PRO-EUROPA""",1
99,NAȚIONAL,COMUNITATEA RUȘILOR LIPOVENI DIN ROMÂNIA,1
99,NAȚIONAL,FEDERAȚIA COMUNITĂȚILOR EVREIEȘTI DIN ROMÂNIA,1
99,NAȚIONAL,FORUMUL CEHILOR DIN ROMÂNIA,1
99,NAȚIONAL,FORUMUL DEMOCRAT AL GERMANILOR DIN ROMÂNIA,1
99,NAȚIONAL,UNIUNEA ARMENILOR DIN ROMÂNIA,1
99,NAȚIONAL,UNIUNEA BULGARĂ DIN BANAT- ROMÂNIA,1
99,NAȚIONAL,UNIUNEA CROAȚILOR DIN ROMÂNIA,1
99,NAȚIONAL,UNIUNEA CULTURALĂ A RUTENILOR DIN ROMÂNIA,1
99,NAȚIONAL,UNIUNEA DEMOCRATĂ A TĂTARILOR TURCO-MUSULMANI DIN ROMÂNIA,1
99,NAȚIONAL,UNIUNEA DEMOCRATĂ TURCĂ DIN ROMÂNIA,1
99,NAȚIONAL,UNIUNEA DEMOCRATICĂ A SLOVACILOR ȘI CEHILOR DIN ROMÂNIA,1
99,NAȚIONAL,UNIUNEA ELENĂ DIN ROMÂNIA,1
99,NAȚIONAL,UNIUNEA POLONEZILOR DIN ROMÂNIA,1
99,NAȚIONAL,UNIUNEA SÂRBILOR DIN ROMÂNIA,1
99,NAȚIONAL,UNIUNEA UCRAINENILOR DIN ROMÂNIA,1
